country_code,country,year,indicator_count,flagged_observation_count
ARG,Argentina,2010,6,0
ARG,Argentina,2011,7,0
ARG,Argentina,2012,6,0
ARG,Argentina,2013,6,0
ARG,Argentina,2014,6,0
ARG,Argentina,2015,7,0
ARG,Argentina,2016,8,0
ARG,Argentina,2017,9,0
ARG,Argentina,2018,9,0
ARG,Argentina,2019,10,0
ARG,Argentina,2020,8,0
ARG,Argentina,2021,7,0
ARG,Argentina,2022,7,0
ARG,Argentina,2023,8,0
ARG,Argentina,2024,4,0
ARG,Argentina,2025,2,0
AUS,Australia,2010,12,0
AUS,Australia,2011,11,0
AUS,Australia,2012,14,0
AUS,Australia,2013,12,0
AUS,Australia,2014,13,0
AUS,Australia,2015,12,0
AUS,Australia,2016,13,0
AUS,Australia,2017,11,0
AUS,Australia,2018,14,0
AUS,Australia,2019,13,0
AUS,Australia,2020,14,0
AUS,Australia,2021,11,0
AUS,Australia,2022,12,0
AUS,Australia,2023,11,0
AUS,Australia,2024,9,0
AUS,Australia,2025,5,0
AUT,Austria,2010,13,0
AUT,Austria,2011,14,0
AUT,Austria,2012,14,0
AUT,Austria,2013,15,0
AUT,Austria,2014,14,0
AUT,Austria,2015,14,0
AUT,Austria,2016,13,0
AUT,Austria,2017,15,0
AUT,Austria,2018,15,0
AUT,Austria,2019,14,0
AUT,Austria,2020,13,0
AUT,Austria,2021,15,0
AUT,Austria,2022,17,0
AUT,Austria,2023,13,0
AUT,Austria,2024,12,0
AUT,Austria,2025,5,0
BEL,Belgium,2010,14,0
BEL,Belgium,2011,12,0
BEL,Belgium,2012,16,0
BEL,Belgium,2013,14,0
BEL,Belgium,2014,14,0
BEL,Belgium,2015,13,1
BEL,Belgium,2016,12,0
BEL,Belgium,2017,13,0
BEL,Belgium,2018,15,1
BEL,Belgium,2019,14,0
BEL,Belgium,2020,14,0
BEL,Belgium,2021,14,0
BEL,Belgium,2022,14,0
BEL,Belgium,2023,12,0
BEL,Belgium,2024,10,2
BEL,Belgium,2025,5,0
BGR,Bulgaria,2010,13,0
BGR,Bulgaria,2011,12,0
BGR,Bulgaria,2012,12,0
BGR,Bulgaria,2013,14,0
BGR,Bulgaria,2014,14,0
BGR,Bulgaria,2015,12,1
BGR,Bulgaria,2016,12,0
BGR,Bulgaria,2017,13,0
BGR,Bulgaria,2018,14,0
BGR,Bulgaria,2019,12,0
BGR,Bulgaria,2020,12,0
BGR,Bulgaria,2021,13,0
BGR,Bulgaria,2022,14,0
BGR,Bulgaria,2023,11,0
BGR,Bulgaria,2024,9,0
BGR,Bulgaria,2025,5,0
BGR,Bulgaria,2026,1,0
BRA,Brazil,2010,7,0
BRA,Brazil,2011,8,0
BRA,Brazil,2012,10,0
BRA,Brazil,2013,9,0
BRA,Brazil,2014,10,0
BRA,Brazil,2015,10,0
BRA,Brazil,2016,10,0
BRA,Brazil,2017,10,0
BRA,Brazil,2018,12,0
BRA,Brazil,2019,10,0
BRA,Brazil,2020,10,0
BRA,Brazil,2021,9,0
BRA,Brazil,2022,10,0
BRA,Brazil,2023,8,0
BRA,Brazil,2024,5,0
BRA,Brazil,2025,2,0
CAN,Canada,2010,16,2
CAN,Canada,2011,14,2
CAN,Canada,2012,15,2
CAN,Canada,2013,13,2
CAN,Canada,2014,13,2
CAN,Canada,2015,18,4
CAN,Canada,2016,14,2
CAN,Canada,2017,13,2
CAN,Canada,2018,14,2
CAN,Canada,2019,15,2
CAN,Canada,2020,14,2
CAN,Canada,2021,14,2
CAN,Canada,2022,16,2
CAN,Canada,2023,15,3
CAN,Canada,2024,9,2
CAN,Canada,2025,7,2
CHE,Switzerland,2010,13,0
CHE,Switzerland,2011,13,0
CHE,Switzerland,2012,14,0
CHE,Switzerland,2013,13,0
CHE,Switzerland,2014,13,0
CHE,Switzerland,2015,14,0
CHE,Switzerland,2016,13,0
CHE,Switzerland,2017,11,0
CHE,Switzerland,2018,15,0
CHE,Switzerland,2019,13,0
CHE,Switzerland,2020,13,0
CHE,Switzerland,2021,13,0
CHE,Switzerland,2022,14,2
CHE,Switzerland,2023,13,1
CHE,Switzerland,2024,7,0
CHE,Switzerland,2025,4,0
CHL,Chile,2010,9,0
CHL,Chile,2011,12,1
CHL,Chile,2012,9,0
CHL,Chile,2013,12,1
CHL,Chile,2014,9,0
CHL,Chile,2015,11,0
CHL,Chile,2016,8,0
CHL,Chile,2017,12,0
CHL,Chile,2018,10,0
CHL,Chile,2019,9,0
CHL,Chile,2020,11,0
CHL,Chile,2021,11,0
CHL,Chile,2022,11,0
CHL,Chile,2023,10,0
CHL,Chile,2024,7,0
CHL,Chile,2025,5,0
COL,Colombia,2010,12,0
COL,Colombia,2011,11,0
COL,Colombia,2012,12,0
COL,Colombia,2013,11,0
COL,Colombia,2014,12,0
COL,Colombia,2015,12,0
COL,Colombia,2016,11,0
COL,Colombia,2017,11,0
COL,Colombia,2018,14,0
COL,Colombia,2019,12,0
COL,Colombia,2020,12,0
COL,Colombia,2021,12,0
COL,Colombia,2022,13,1
COL,Colombia,2023,11,1
COL,Colombia,2024,9,1
COL,Colombia,2025,4,0
CRI,Costa Rica,2010,12,0
CRI,Costa Rica,2011,11,0
CRI,Costa Rica,2012,14,1
CRI,Costa Rica,2013,13,1
CRI,Costa Rica,2014,14,1
CRI,Costa Rica,2015,14,1
CRI,Costa Rica,2016,13,1
CRI,Costa Rica,2017,13,1
CRI,Costa Rica,2018,15,1
CRI,Costa Rica,2019,13,1
CRI,Costa Rica,2020,13,1
CRI,Costa Rica,2021,12,1
CRI,Costa Rica,2022,12,0
CRI,Costa Rica,2023,11,0
CRI,Costa Rica,2024,8,0
CRI,Costa Rica,2025,5,0
CRI,Costa Rica,2026,1,0
CZE,Czechia,2010,13,0
CZE,Czechia,2011,13,0
CZE,Czechia,2012,14,0
CZE,Czechia,2013,15,0
CZE,Czechia,2014,13,0
CZE,Czechia,2015,14,0
CZE,Czechia,2016,13,0
CZE,Czechia,2017,13,0
CZE,Czechia,2018,16,0
CZE,Czechia,2019,13,0
CZE,Czechia,2020,13,0
CZE,Czechia,2021,14,0
CZE,Czechia,2022,14,0
CZE,Czechia,2023,15,0
CZE,Czechia,2024,11,0
CZE,Czechia,2025,5,0
DEU,Germany,2010,12,0
DEU,Germany,2011,13,0
DEU,Germany,2012,17,0
DEU,Germany,2013,14,0
DEU,Germany,2014,14,0
DEU,Germany,2015,13,0
DEU,Germany,2016,12,0
DEU,Germany,2017,14,0
DEU,Germany,2018,14,0
DEU,Germany,2019,12,0
DEU,Germany,2020,13,1
DEU,Germany,2021,14,3
DEU,Germany,2022,12,2
DEU,Germany,2023,13,2
DEU,Germany,2024,10,2
DEU,Germany,2025,7,1
DNK,Denmark,2010,12,1
DNK,Denmark,2011,14,1
DNK,Denmark,2012,14,1
DNK,Denmark,2013,14,1
DNK,Denmark,2014,13,1
DNK,Denmark,2015,16,1
DNK,Denmark,2016,13,1
DNK,Denmark,2017,13,1
DNK,Denmark,2018,15,1
DNK,Denmark,2019,15,1
DNK,Denmark,2020,13,1
DNK,Denmark,2021,14,1
DNK,Denmark,2022,16,2
DNK,Denmark,2023,12,1
DNK,Denmark,2024,10,1
DNK,Denmark,2025,6,0
DNK,Denmark,2026,1,0
ESP,Spain,2010,13,1
ESP,Spain,2011,13,0
ESP,Spain,2012,14,0
ESP,Spain,2013,13,0
ESP,Spain,2014,14,0
ESP,Spain,2015,14,0
ESP,Spain,2016,13,0
ESP,Spain,2017,12,0
ESP,Spain,2018,16,0
ESP,Spain,2019,13,0
ESP,Spain,2020,12,0
ESP,Spain,2021,13,0
ESP,Spain,2022,14,0
ESP,Spain,2023,15,1
ESP,Spain,2024,11,1
ESP,Spain,2025,5,0
EST,Estonia,2010,11,0
EST,Estonia,2011,12,0
EST,Estonia,2012,12,0
EST,Estonia,2013,14,1
EST,Estonia,2014,13,0
EST,Estonia,2015,14,0
EST,Estonia,2016,12,0
EST,Estonia,2017,13,0
EST,Estonia,2018,15,0
EST,Estonia,2019,13,0
EST,Estonia,2020,12,0
EST,Estonia,2021,14,0
EST,Estonia,2022,14,0
EST,Estonia,2023,15,0
EST,Estonia,2024,10,0
EST,Estonia,2025,5,0
FIN,Finland,2010,13,0
FIN,Finland,2011,13,0
FIN,Finland,2012,15,0
FIN,Finland,2013,15,0
FIN,Finland,2014,13,0
FIN,Finland,2015,14,0
FIN,Finland,2016,14,0
FIN,Finland,2017,13,0
FIN,Finland,2018,16,0
FIN,Finland,2019,14,0
FIN,Finland,2020,13,0
FIN,Finland,2021,14,0
FIN,Finland,2022,14,0
FIN,Finland,2023,14,0
FIN,Finland,2024,13,0
FIN,Finland,2025,6,0
FRA,France,2010,12,0
FRA,France,2011,11,0
FRA,France,2012,13,0
FRA,France,2013,12,0
FRA,France,2014,13,0
FRA,France,2015,12,0
FRA,France,2016,11,0
FRA,France,2017,13,0
FRA,France,2018,14,0
FRA,France,2019,11,1
FRA,France,2020,13,0
FRA,France,2021,13,1
FRA,France,2022,15,0
FRA,France,2023,14,2
FRA,France,2024,10,2
FRA,France,2025,5,1
GBR,United Kingdom,2010,14,1
GBR,United Kingdom,2011,15,1
GBR,United Kingdom,2012,15,1
GBR,United Kingdom,2013,15,1
GBR,United Kingdom,2014,17,1
GBR,United Kingdom,2015,17,1
GBR,United Kingdom,2016,14,1
GBR,United Kingdom,2017,16,1
GBR,United Kingdom,2018,15,1
GBR,United Kingdom,2019,15,1
GBR,United Kingdom,2020,14,1
GBR,United Kingdom,2021,14,1
GBR,United Kingdom,2022,14,1
GBR,United Kingdom,2023,12,1
GBR,United Kingdom,2024,10,0
GBR,United Kingdom,2025,4,0
GRC,Greece,2010,12,0
GRC,Greece,2011,11,0
GRC,Greece,2012,14,1
GRC,Greece,2013,14,1
GRC,Greece,2014,14,1
GRC,Greece,2015,14,1
GRC,Greece,2016,12,1
GRC,Greece,2017,12,1
GRC,Greece,2018,16,1
GRC,Greece,2019,13,1
GRC,Greece,2020,12,1
GRC,Greece,2021,13,1
GRC,Greece,2022,14,1
GRC,Greece,2023,13,2
GRC,Greece,2024,9,2
GRC,Greece,2025,5,0
HRV,Croatia,2010,12,0
HRV,Croatia,2011,12,0
HRV,Croatia,2012,11,1
HRV,Croatia,2013,12,0
HRV,Croatia,2014,12,0
HRV,Croatia,2015,12,0
HRV,Croatia,2016,13,0
HRV,Croatia,2017,13,0
HRV,Croatia,2018,14,0
HRV,Croatia,2019,12,0
HRV,Croatia,2020,14,0
HRV,Croatia,2021,12,0
HRV,Croatia,2022,12,0
HRV,Croatia,2023,12,0
HRV,Croatia,2024,10,2
HRV,Croatia,2025,5,0
HUN,Hungary,2010,14,0
HUN,Hungary,2011,13,0
HUN,Hungary,2012,14,1
HUN,Hungary,2013,14,0
HUN,Hungary,2014,15,0
HUN,Hungary,2015,14,0
HUN,Hungary,2016,13,0
HUN,Hungary,2017,14,1
HUN,Hungary,2018,16,0
HUN,Hungary,2019,12,0
HUN,Hungary,2020,13,0
HUN,Hungary,2021,12,0
HUN,Hungary,2022,14,0
HUN,Hungary,2023,12,1
HUN,Hungary,2024,9,1
HUN,Hungary,2025,5,1
HUN,Hungary,2026,1,0
IDN,Indonesia,2010,7,0
IDN,Indonesia,2011,7,0
IDN,Indonesia,2012,7,0
IDN,Indonesia,2013,7,0
IDN,Indonesia,2014,8,0
IDN,Indonesia,2015,7,0
IDN,Indonesia,2016,7,0
IDN,Indonesia,2017,7,0
IDN,Indonesia,2018,6,0
IDN,Indonesia,2019,7,0
IDN,Indonesia,2020,5,0
IDN,Indonesia,2021,4,0
IDN,Indonesia,2022,4,0
IDN,Indonesia,2023,4,0
IDN,Indonesia,2024,4,0
IDN,Indonesia,2025,2,0
IRL,Ireland,2010,13,0
IRL,Ireland,2011,13,0
IRL,Ireland,2012,13,0
IRL,Ireland,2013,14,0
IRL,Ireland,2014,13,0
IRL,Ireland,2015,13,0
IRL,Ireland,2016,13,0
IRL,Ireland,2017,12,0
IRL,Ireland,2018,16,0
IRL,Ireland,2019,12,1
IRL,Ireland,2020,14,0
IRL,Ireland,2021,13,0
IRL,Ireland,2022,14,0
IRL,Ireland,2023,13,0
IRL,Ireland,2024,11,0
IRL,Ireland,2025,5,0
ISL,Iceland,2010,13,1
ISL,Iceland,2011,12,1
ISL,Iceland,2012,14,1
ISL,Iceland,2013,13,1
ISL,Iceland,2014,13,1
ISL,Iceland,2015,13,1
ISL,Iceland,2016,13,1
ISL,Iceland,2017,11,1
ISL,Iceland,2018,15,1
ISL,Iceland,2019,12,1
ISL,Iceland,2020,12,1
ISL,Iceland,2021,10,1
ISL,Iceland,2022,11,1
ISL,Iceland,2023,10,1
ISL,Iceland,2024,9,1
ISL,Iceland,2025,4,0
ISR,Israel,2010,9,0
ISR,Israel,2011,10,0
ISR,Israel,2012,11,0
ISR,Israel,2013,11,0
ISR,Israel,2014,10,0
ISR,Israel,2015,12,0
ISR,Israel,2016,10,0
ISR,Israel,2017,10,0
ISR,Israel,2018,11,0
ISR,Israel,2019,11,0
ISR,Israel,2020,11,0
ISR,Israel,2021,10,0
ISR,Israel,2022,11,0
ISR,Israel,2023,8,1
ISR,Israel,2024,5,0
ISR,Israel,2025,4,0
ITA,Italy,2010,14,0
ITA,Italy,2011,12,0
ITA,Italy,2012,13,0
ITA,Italy,2013,17,0
ITA,Italy,2014,14,0
ITA,Italy,2015,13,0
ITA,Italy,2016,13,0
ITA,Italy,2017,12,0
ITA,Italy,2018,16,0
ITA,Italy,2019,12,0
ITA,Italy,2020,13,1
ITA,Italy,2021,12,0
ITA,Italy,2022,15,0
ITA,Italy,2023,14,0
ITA,Italy,2024,10,0
ITA,Italy,2025,7,1
JPN,Japan,2010,11,1
JPN,Japan,2011,13,2
JPN,Japan,2012,13,1
JPN,Japan,2013,10,1
JPN,Japan,2014,12,2
JPN,Japan,2015,11,1
JPN,Japan,2016,14,2
JPN,Japan,2017,11,1
JPN,Japan,2018,13,1
JPN,Japan,2019,13,2
JPN,Japan,2020,12,1
JPN,Japan,2021,17,2
JPN,Japan,2022,12,1
JPN,Japan,2023,11,1
JPN,Japan,2024,9,0
JPN,Japan,2025,3,0
JPN,Japan,2026,1,0
KOR,Korea,2010,10,0
KOR,Korea,2011,10,0
KOR,Korea,2012,12,0
KOR,Korea,2013,12,1
KOR,Korea,2014,15,1
KOR,Korea,2015,13,1
KOR,Korea,2016,11,1
KOR,Korea,2017,13,1
KOR,Korea,2018,13,1
KOR,Korea,2019,13,1
KOR,Korea,2020,12,0
KOR,Korea,2021,13,0
KOR,Korea,2022,14,0
KOR,Korea,2023,13,0
KOR,Korea,2024,7,2
KOR,Korea,2025,4,0
LTU,Lithuania,2010,12,1
LTU,Lithuania,2011,11,0
LTU,Lithuania,2012,12,1
LTU,Lithuania,2013,12,0
LTU,Lithuania,2014,13,0
LTU,Lithuania,2015,12,0
LTU,Lithuania,2016,12,0
LTU,Lithuania,2017,11,0
LTU,Lithuania,2018,14,0
LTU,Lithuania,2019,12,0
LTU,Lithuania,2020,12,0
LTU,Lithuania,2021,13,0
LTU,Lithuania,2022,14,0
LTU,Lithuania,2023,13,0
LTU,Lithuania,2024,11,0
LTU,Lithuania,2025,5,0
LUX,Luxembourg,2010,12,0
LUX,Luxembourg,2011,12,0
LUX,Luxembourg,2012,13,0
LUX,Luxembourg,2013,13,0
LUX,Luxembourg,2014,14,0
LUX,Luxembourg,2015,13,1
LUX,Luxembourg,2016,12,0
LUX,Luxembourg,2017,12,0
LUX,Luxembourg,2018,17,0
LUX,Luxembourg,2019,12,1
LUX,Luxembourg,2020,12,1
LUX,Luxembourg,2021,14,1
LUX,Luxembourg,2022,13,0
LUX,Luxembourg,2023,14,0
LUX,Luxembourg,2024,10,0
LUX,Luxembourg,2025,5,1
LVA,Latvia,2010,14,0
LVA,Latvia,2011,13,0
LVA,Latvia,2012,13,0
LVA,Latvia,2013,13,0
LVA,Latvia,2014,15,0
LVA,Latvia,2015,13,0
LVA,Latvia,2016,12,0
LVA,Latvia,2017,13,0
LVA,Latvia,2018,16,0
LVA,Latvia,2019,12,0
LVA,Latvia,2020,13,0
LVA,Latvia,2021,13,0
LVA,Latvia,2022,15,0
LVA,Latvia,2023,14,0
LVA,Latvia,2024,11,0
LVA,Latvia,2025,5,0
MEX,Mexico,2010,12,1
MEX,Mexico,2011,11,0
MEX,Mexico,2012,15,1
MEX,Mexico,2013,11,0
MEX,Mexico,2014,13,1
MEX,Mexico,2015,12,0
MEX,Mexico,2016,13,1
MEX,Mexico,2017,11,0
MEX,Mexico,2018,15,1
MEX,Mexico,2019,10,0
MEX,Mexico,2020,13,1
MEX,Mexico,2021,11,0
MEX,Mexico,2022,13,1
MEX,Mexico,2023,11,2
MEX,Mexico,2024,10,2
MEX,Mexico,2025,4,0
NLD,Netherlands,2010,13,0
NLD,Netherlands,2011,13,0
NLD,Netherlands,2012,14,0
NLD,Netherlands,2013,13,0
NLD,Netherlands,2014,13,0
NLD,Netherlands,2015,14,1
NLD,Netherlands,2016,15,0
NLD,Netherlands,2017,13,0
NLD,Netherlands,2018,15,0
NLD,Netherlands,2019,13,0
NLD,Netherlands,2020,12,0
NLD,Netherlands,2021,14,0
NLD,Netherlands,2022,15,1
NLD,Netherlands,2023,16,1
NLD,Netherlands,2024,12,3
NLD,Netherlands,2025,7,1
NOR,Norway,2010,16,0
NOR,Norway,2011,13,0
NOR,Norway,2012,15,0
NOR,Norway,2013,15,0
NOR,Norway,2014,13,0
NOR,Norway,2015,15,0
NOR,Norway,2016,13,0
NOR,Norway,2017,13,1
NOR,Norway,2018,15,0
NOR,Norway,2019,12,0
NOR,Norway,2020,12,0
NOR,Norway,2021,13,0
NOR,Norway,2022,14,0
NOR,Norway,2023,11,0
NOR,Norway,2024,8,0
NOR,Norway,2025,6,0
NZL,New Zealand,2010,12,1
NZL,New Zealand,2011,13,1
NZL,New Zealand,2012,13,1
NZL,New Zealand,2013,13,2
NZL,New Zealand,2014,15,1
NZL,New Zealand,2015,13,1
NZL,New Zealand,2016,13,1
NZL,New Zealand,2017,13,1
NZL,New Zealand,2018,16,1
NZL,New Zealand,2019,13,0
NZL,New Zealand,2020,14,0
NZL,New Zealand,2021,13,1
NZL,New Zealand,2022,12,1
NZL,New Zealand,2023,12,1
NZL,New Zealand,2024,7,0
NZL,New Zealand,2025,4,0
PER,Peru,2010,8,0
PER,Peru,2011,9,0
PER,Peru,2012,8,0
PER,Peru,2013,8,0
PER,Peru,2014,8,0
PER,Peru,2015,8,0
PER,Peru,2016,9,0
PER,Peru,2017,8,0
PER,Peru,2018,8,0
PER,Peru,2019,7,0
PER,Peru,2020,8,0
PER,Peru,2021,8,0
PER,Peru,2022,7,0
PER,Peru,2023,5,0
PER,Peru,2024,5,0
PER,Peru,2025,2,0
POL,Poland,2010,13,1
POL,Poland,2011,13,0
POL,Poland,2012,17,0
POL,Poland,2013,13,0
POL,Poland,2014,14,0
POL,Poland,2015,14,0
POL,Poland,2016,14,0
POL,Poland,2017,12,0
POL,Poland,2018,15,0
POL,Poland,2019,13,1
POL,Poland,2020,13,1
POL,Poland,2021,12,0
POL,Poland,2022,14,1
POL,Poland,2023,15,0
POL,Poland,2024,11,0
POL,Poland,2025,5,1
PRT,Portugal,2010,14,0
PRT,Portugal,2011,13,0
PRT,Portugal,2012,13,0
PRT,Portugal,2013,14,0
PRT,Portugal,2014,13,0
PRT,Portugal,2015,14,0
PRT,Portugal,2016,12,0
PRT,Portugal,2017,13,0
PRT,Portugal,2018,15,0
PRT,Portugal,2019,13,0
PRT,Portugal,2020,12,0
PRT,Portugal,2021,12,0
PRT,Portugal,2022,15,0
PRT,Portugal,2023,12,0
PRT,Portugal,2024,10,2
PRT,Portugal,2025,7,2
ROU,Romania,2010,13,0
ROU,Romania,2011,12,0
ROU,Romania,2012,12,0
ROU,Romania,2013,13,0
ROU,Romania,2014,14,0
ROU,Romania,2015,12,0
ROU,Romania,2016,12,0
ROU,Romania,2017,12,0
ROU,Romania,2018,14,0
ROU,Romania,2019,13,0
ROU,Romania,2020,12,0
ROU,Romania,2021,12,0
ROU,Romania,2022,13,0
ROU,Romania,2023,12,0
ROU,Romania,2024,10,2
ROU,Romania,2025,7,1
SVK,Slovak Republic,2010,15,0
SVK,Slovak Republic,2011,12,1
SVK,Slovak Republic,2012,15,0
SVK,Slovak Republic,2013,14,0
SVK,Slovak Republic,2014,14,0
SVK,Slovak Republic,2015,13,0
SVK,Slovak Republic,2016,14,0
SVK,Slovak Republic,2017,14,0
SVK,Slovak Republic,2018,15,0
SVK,Slovak Republic,2019,13,0
SVK,Slovak Republic,2020,14,0
SVK,Slovak Republic,2021,14,1
SVK,Slovak Republic,2022,14,0
SVK,Slovak Republic,2023,15,0
SVK,Slovak Republic,2024,11,0
SVK,Slovak Republic,2025,5,0
SVN,Slovenia,2010,13,1
SVN,Slovenia,2011,13,0
SVN,Slovenia,2012,13,0
SVN,Slovenia,2013,13,0
SVN,Slovenia,2014,15,0
SVN,Slovenia,2015,13,0
SVN,Slovenia,2016,12,0
SVN,Slovenia,2017,13,0
SVN,Slovenia,2018,16,0
SVN,Slovenia,2019,12,0
SVN,Slovenia,2020,12,0
SVN,Slovenia,2021,13,0
SVN,Slovenia,2022,15,0
SVN,Slovenia,2023,14,0
SVN,Slovenia,2024,11,0
SVN,Slovenia,2025,5,0
SVN,Slovenia,2026,1,0
SWE,Sweden,2010,15,0
SWE,Sweden,2011,12,0
SWE,Sweden,2012,13,0
SWE,Sweden,2013,14,0
SWE,Sweden,2014,14,0
SWE,Sweden,2015,14,0
SWE,Sweden,2016,13,0
SWE,Sweden,2017,13,0
SWE,Sweden,2018,16,1
SWE,Sweden,2019,13,0
SWE,Sweden,2020,13,0
SWE,Sweden,2021,14,0
SWE,Sweden,2022,15,0
SWE,Sweden,2023,14,0
SWE,Sweden,2024,12,0
SWE,Sweden,2025,6,0
THA,Thailand,2010,7,0
THA,Thailand,2011,8,0
THA,Thailand,2012,7,0
THA,Thailand,2013,7,0
THA,Thailand,2014,8,0
THA,Thailand,2015,7,0
THA,Thailand,2016,7,0
THA,Thailand,2017,7,0
THA,Thailand,2018,7,0
THA,Thailand,2019,8,0
THA,Thailand,2020,6,0
THA,Thailand,2021,6,0
THA,Thailand,2022,6,0
THA,Thailand,2023,7,0
THA,Thailand,2024,4,0
THA,Thailand,2025,2,0
THA,Thailand,2026,1,0
TUR,Türkiye,2010,11,1
TUR,Türkiye,2011,12,1
TUR,Türkiye,2012,12,1
TUR,Türkiye,2013,12,3
TUR,Türkiye,2014,15,1
TUR,Türkiye,2015,13,1
TUR,Türkiye,2016,10,1
TUR,Türkiye,2017,11,1
TUR,Türkiye,2018,15,1
TUR,Türkiye,2019,11,1
TUR,Türkiye,2020,11,1
TUR,Türkiye,2021,10,1
TUR,Türkiye,2022,12,1
TUR,Türkiye,2023,10,1
TUR,Türkiye,2024,7,1
TUR,Türkiye,2025,5,0
USA,United States,2010,16,1
USA,United States,2011,13,1
USA,United States,2012,15,1
USA,United States,2013,15,1
USA,United States,2014,15,1
USA,United States,2015,15,1
USA,United States,2016,16,1
USA,United States,2017,15,1
USA,United States,2018,18,1
USA,United States,2019,15,1
USA,United States,2020,14,1
USA,United States,2021,13,1
USA,United States,2022,17,1
USA,United States,2023,12,1
USA,United States,2024,9,0
USA,United States,2025,4,0
ZAF,South Africa,2010,7,0
ZAF,South Africa,2011,7,0
ZAF,South Africa,2012,7,0
ZAF,South Africa,2013,7,0
ZAF,South Africa,2014,8,0
ZAF,South Africa,2015,8,0
ZAF,South Africa,2016,8,0
ZAF,South Africa,2017,9,0
ZAF,South Africa,2018,8,0
ZAF,South Africa,2019,8,0
ZAF,South Africa,2020,7,0
ZAF,South Africa,2021,6,0
ZAF,South Africa,2022,6,0
ZAF,South Africa,2023,6,0
ZAF,South Africa,2024,6,0
ZAF,South Africa,2025,4,0
