indicator_code,indicator,short_name,country_code,country,better_when,native_unit_per_year,n_independent,first_time,last_time,native_slope_per_year,native_slope_ci_low,native_slope_ci_high,theilsen_intercept,favourable_slope_per_year,favourable_slope_ci_low,favourable_slope_ci_high,kendall_tau_native,kendall_tau_favourable,kendall_p_raw,is_australia
11_2,Negative affect balance,Negative affect,ARG,Argentina,lower,percentage points per year,6.0,2009.0,2024.0,0.20283044603333344,-0.38458890866666656,0.815122104366667,-397.1135259432669,-0.20283044603333344,-0.815122104366667,0.38458890866666656,0.6,-0.6,0.1361111111111111,False
11_2,Negative affect balance,Negative affect,AUS,Australia,lower,percentage points per year,6.0,2009.0,2024.0,0.17393485974666673,-0.23941342870000012,0.48472878763333327,-338.57309520465344,-0.17393485974666673,-0.48472878763333327,0.23941342870000012,0.3333333333333333,-0.3333333333333333,0.46944444444444444,True
11_2,Negative affect balance,Negative affect,AUT,Austria,lower,percentage points per year,6.0,2009.0,2024.0,0.03047888323333332,-0.34888272276666665,0.2624355906333336,-52.29459807771664,-0.03047888323333332,-0.2624355906333336,0.34888272276666665,0.06666666666666665,-0.06666666666666665,1.0,False
11_2,Negative affect balance,Negative affect,BEL,Belgium,lower,percentage points per year,6.0,2009.0,2024.0,0.2867121486666668,-0.2380138601,0.6587827260166668,-564.7674950184335,-0.2867121486666668,-0.6587827260166668,0.2380138601,0.6,-0.6,0.1361111111111111,False
11_2,Negative affect balance,Negative affect,BGR,Bulgaria,lower,percentage points per year,6.0,2009.0,2024.0,-0.47066000047499995,-1.116608593683333,0.5426953638666673,967.3256175067373,0.47066000047499995,-0.5426953638666673,1.116608593683333,-0.7333333333333333,0.7333333333333333,0.05555555555555555,False
11_2,Negative affect balance,Negative affect,BRA,Brazil,lower,percentage points per year,6.0,2009.0,2024.0,0.551726235616667,-0.2198633227500002,1.0369931739,-1097.7755040258592,-0.551726235616667,-1.0369931739,0.2198633227500002,0.7333333333333333,-0.7333333333333333,0.05555555555555555,False
11_2,Negative affect balance,Negative affect,CAN,Canada,lower,percentage points per year,6.0,2009.0,2024.0,0.486309879,0.03232438884999992,1.024993043866667,-969.4362571560999,-0.486309879,-1.024993043866667,-0.03232438884999992,0.8666666666666666,-0.8666666666666666,0.016666666666666666,False
11_2,Negative affect balance,Negative affect,CHE,Switzerland,lower,percentage points per year,6.0,2009.0,2024.0,-0.18280345021333327,-0.8451877219333331,0.43073114956666664,376.6440408192365,0.18280345021333327,-0.43073114956666664,0.8451877219333331,-0.6,0.6,0.1361111111111111,False
11_2,Negative affect balance,Negative affect,CHL,Chile,lower,percentage points per year,6.0,2009.0,2024.0,-0.2960886416416666,-0.6083857614499998,0.029226643450000072,611.6552475833207,0.2960886416416666,-0.029226643450000072,0.6083857614499998,-0.6,0.6,0.1361111111111111,False
11_2,Negative affect balance,Negative affect,COL,Colombia,lower,percentage points per year,6.0,2009.0,2024.0,0.07094205983333346,-0.4031049874333335,0.5609698663499998,-129.61993434501693,-0.07094205983333346,-0.5609698663499998,0.4031049874333335,0.06666666666666665,-0.06666666666666665,1.0,False
11_2,Negative affect balance,Negative affect,CRI,Costa Rica,lower,percentage points per year,6.0,2009.0,2024.0,0.41539473528333354,-0.35110874269999987,0.9535598506666668,-826.647773423742,-0.41539473528333354,-0.9535598506666668,0.35110874269999987,0.3333333333333333,-0.3333333333333333,0.46944444444444444,False
11_2,Negative affect balance,Negative affect,CZE,Czechia,lower,percentage points per year,6.0,2009.0,2024.0,-0.34216411011666664,-0.6846845342,0.12576194873333316,703.7254964717083,0.34216411011666664,-0.12576194873333316,0.6846845342,-0.6,0.6,0.1361111111111111,False
11_2,Negative affect balance,Negative affect,DEU,Germany,lower,percentage points per year,6.0,2009.0,2024.0,-0.09646981733333308,-0.36697282940000014,0.06970052875000003,205.33013956091617,0.09646981733333308,-0.06970052875000003,0.36697282940000014,-0.3333333333333333,0.3333333333333333,0.46944444444444444,False
11_2,Negative affect balance,Negative affect,DNK,Denmark,lower,percentage points per year,6.0,2009.0,2024.0,0.14858710496666666,-0.15247595643333334,0.4191739491333332,-290.29036755153334,-0.14858710496666666,-0.4191739491333332,0.15247595643333334,0.6,-0.6,0.1361111111111111,False
11_2,Negative affect balance,Negative affect,ESP,Spain,lower,percentage points per year,6.0,2009.0,2024.0,-0.22180486043333328,-1.169506361,1.397107489366667,463.06558711981654,0.22180486043333328,-1.397107489366667,1.169506361,-0.2,0.2,0.7194444444444444,False
11_2,Negative affect balance,Negative affect,EST,Estonia,lower,percentage points per year,6.0,2009.0,2024.0,-0.656795122011111,-0.8421985116333334,0.17902798114999996,1337.1989450758053,0.656795122011111,-0.17902798114999996,0.8421985116333334,-0.7333333333333333,0.7333333333333333,0.05555555555555555,False
11_2,Negative affect balance,Negative affect,FIN,Finland,lower,percentage points per year,6.0,2009.0,2024.0,0.14653959497777772,-0.23195906426666676,0.3755676550333333,-286.79637248098874,-0.14653959497777772,-0.3755676550333333,0.23195906426666676,0.4666666666666666,-0.4666666666666666,0.2722222222222222,False
11_2,Negative affect balance,Negative affect,FRA,France,lower,percentage points per year,6.0,2009.0,2024.0,-0.19602072143333338,-0.7218141935333335,0.46098979496666637,408.20182561916675,0.19602072143333338,-0.46098979496666637,0.7218141935333335,-0.4666666666666666,0.4666666666666666,0.2722222222222222,False
11_2,Negative affect balance,Negative affect,GBR,United Kingdom,lower,percentage points per year,6.0,2009.0,2024.0,-0.0012866288666669352,-0.35038053789999984,0.48184039459999983,13.661221017633874,0.0012866288666669352,-0.48184039459999983,0.35038053789999984,-0.06666666666666665,0.06666666666666665,1.0,False
11_2,Negative affect balance,Negative affect,GRC,Greece,lower,percentage points per year,6.0,2009.0,2024.0,0.20809122506666672,-1.26202702075,1.297188851066667,-399.02518085568346,-0.20809122506666672,-1.297188851066667,1.26202702075,0.06666666666666665,-0.06666666666666665,1.0,False
11_2,Negative affect balance,Negative affect,HRV,Croatia,lower,percentage points per year,6.0,2009.0,2024.0,-0.5105598141600002,-2.0201903613333334,0.7929839684333331,1050.4492050130905,0.5105598141600002,-0.7929839684333331,2.0201903613333334,-0.3333333333333333,0.3333333333333333,0.46944444444444444,False
11_2,Negative affect balance,Negative affect,HUN,Hungary,lower,percentage points per year,6.0,2009.0,2024.0,-0.32595325730000013,-1.4168247803666665,0.60948365525,673.2151877217002,0.32595325730000013,-0.60948365525,1.4168247803666665,-0.4666666666666666,0.4666666666666666,0.2722222222222222,False
11_2,Negative affect balance,Negative affect,IDN,Indonesia,lower,percentage points per year,6.0,2009.0,2024.0,0.1335388852,-0.24158083429999996,0.49989314116666667,-260.8810322777,-0.1335388852,-0.49989314116666667,0.24158083429999996,0.2,-0.2,0.7194444444444444,False
11_2,Negative affect balance,Negative affect,IRL,Ireland,lower,percentage points per year,6.0,2009.0,2024.0,-0.07393343143333315,-0.4851612621666668,0.29178815773333344,158.6271809159163,0.07393343143333315,-0.29178815773333344,0.4851612621666668,-0.3333333333333333,0.3333333333333333,0.46944444444444444,False
11_2,Negative affect balance,Negative affect,ISL,Iceland,lower,percentage points per year,6.0,2009.0,2024.0,0.05878692101666664,-0.1515638988000001,0.22333360323333343,-110.92622184860828,-0.05878692101666664,-0.22333360323333343,0.1515638988000001,0.4666666666666666,-0.4666666666666666,0.2722222222222222,False
11_2,Negative affect balance,Negative affect,ISR,Israel,lower,percentage points per year,6.0,2009.0,2024.0,-0.24099500967777804,-0.9310444981999998,1.4866168402000006,505.14615840898944,0.24099500967777804,-1.4866168402000006,0.9310444981999998,-0.2,0.2,0.7194444444444444,False
11_2,Negative affect balance,Negative affect,ITA,Italy,lower,percentage points per year,6.0,2009.0,2024.0,-0.004303903466666625,-1.4299003123499998,1.3027232679,25.05002220408325,0.004303903466666625,-1.3027232679,1.4299003123499998,-0.06666666666666665,0.06666666666666665,1.0,False
11_2,Negative affect balance,Negative affect,JPN,Japan,lower,percentage points per year,6.0,2009.0,2024.0,0.07779091422666665,-0.14530159895000003,0.3697562741666666,-148.68020620632328,-0.07779091422666665,-0.3697562741666666,0.14530159895000003,0.06666666666666665,-0.06666666666666665,1.0,False
11_2,Negative affect balance,Negative affect,KOR,Korea,lower,percentage points per year,6.0,2009.0,2024.0,0.10868870304666664,-0.4461228971166668,0.7765078814999997,-204.2013671958533,-0.10868870304666664,-0.7765078814999997,0.4461228971166668,0.2,-0.2,0.7194444444444444,False
11_2,Negative affect balance,Negative affect,LTU,Lithuania,lower,percentage points per year,6.0,2009.0,2024.0,-0.5567674113799999,-1.3386661571999998,-0.27870822420000013,1143.5457118513696,0.5567674113799999,0.27870822420000013,1.3386661571999998,-0.8666666666666666,0.8666666666666666,0.016666666666666666,False
11_2,Negative affect balance,Negative affect,LUX,Luxembourg,lower,percentage points per year,6.0,2009.0,2024.0,-0.30742338430000005,-0.8792226904333335,0.14236114990000046,629.7823655893001,0.30742338430000005,-0.14236114990000046,0.8792226904333335,-0.6,0.6,0.1361111111111111,False
11_2,Negative affect balance,Negative affect,LVA,Latvia,lower,percentage points per year,6.0,2009.0,2024.0,-0.3897682776999999,-1.1166857822333334,0.46442442716666693,803.3304018630998,0.3897682776999999,-0.46442442716666693,1.1166857822333334,-0.4666666666666666,0.4666666666666666,0.2722222222222222,False
11_2,Negative affect balance,Negative affect,MEX,Mexico,lower,percentage points per year,6.0,2009.0,2024.0,-0.01794641350000011,-0.8482665506,0.8517143153000001,46.438932354150225,0.01794641350000011,-0.8517143153000001,0.8482665506,-0.2,0.2,0.7194444444444444,False
11_2,Negative affect balance,Negative affect,NLD,Netherlands,lower,percentage points per year,6.0,2009.0,2024.0,0.18793953917777767,-0.15939021343333337,0.36385422693333336,-369.9531626822887,-0.18793953917777767,-0.36385422693333336,0.15939021343333337,0.7333333333333333,-0.7333333333333333,0.05555555555555555,False
11_2,Negative affect balance,Negative affect,NOR,Norway,lower,percentage points per year,6.0,2009.0,2024.0,0.25600866061111127,-0.08001064103333337,0.49773041476666674,-507.24109162195583,-0.25600866061111127,-0.49773041476666674,0.08001064103333337,0.6,-0.6,0.1361111111111111,False
11_2,Negative affect balance,Negative affect,NZL,New Zealand,lower,percentage points per year,6.0,2009.0,2024.0,0.012590622413333344,-0.3186424389666665,0.4501156982,-15.30234803063669,-0.012590622413333344,-0.4501156982,0.3186424389666665,0.06666666666666665,-0.06666666666666665,1.0,False
11_2,Negative affect balance,Negative affect,PER,Peru,lower,percentage points per year,6.0,2009.0,2024.0,-0.06658564317333339,-0.6678631350333338,0.4985479175333338,152.03803465422678,0.06658564317333339,-0.4985479175333338,0.6678631350333338,-0.3333333333333333,0.3333333333333333,0.46944444444444444,False
11_2,Negative affect balance,Negative affect,POL,Poland,lower,percentage points per year,6.0,2009.0,2024.0,-0.22481148734444448,-0.8332951949666665,0.7040874217333334,467.3416488270223,0.22481148734444448,-0.7040874217333334,0.8332951949666665,-0.3333333333333333,0.3333333333333333,0.46944444444444444,False
11_2,Negative affect balance,Negative affect,PRT,Portugal,lower,percentage points per year,6.0,2009.0,2024.0,-0.08614136829999926,-0.4781836684500001,0.3126803953166668,192.2910460303985,0.08614136829999926,-0.3126803953166668,0.4781836684500001,-0.6,0.6,0.1361111111111111,False
11_2,Negative affect balance,Negative affect,ROU,Romania,lower,percentage points per year,6.0,2009.0,2024.0,-0.866112731011111,-1.5100175080499998,0.42169682306666684,1767.4731199388555,0.866112731011111,-0.42169682306666684,1.5100175080499998,-0.7333333333333333,0.7333333333333333,0.05555555555555555,False
11_2,Negative affect balance,Negative affect,SVK,Slovak Republic,lower,percentage points per year,6.0,2009.0,2024.0,-0.25790528038888877,-0.9658714787999999,0.003738132400000538,535.0667594513942,0.25790528038888877,-0.003738132400000538,0.9658714787999999,-0.7333333333333333,0.7333333333333333,0.05555555555555555,False
11_2,Negative affect balance,Negative affect,SVN,Slovenia,lower,percentage points per year,6.0,2009.0,2024.0,-0.3781547327333333,-0.7346787585499998,0.027821255233333158,779.3986666078665,0.3781547327333333,-0.027821255233333158,0.7346787585499998,-0.7333333333333333,0.7333333333333333,0.05555555555555555,False
11_2,Negative affect balance,Negative affect,SWE,Sweden,lower,percentage points per year,6.0,2009.0,2024.0,0.32886433454999997,-0.1267278639666666,0.6799219259666666,-651.871985982425,-0.32886433454999997,-0.6799219259666666,0.1267278639666666,0.7333333333333333,-0.7333333333333333,0.05555555555555555,False
11_2,Negative affect balance,Negative affect,THA,Thailand,lower,percentage points per year,6.0,2009.0,2024.0,0.4281017787583333,-0.6490543024000001,1.1249256219666668,-854.943552506929,-0.4281017787583333,-1.1249256219666668,0.6490543024000001,0.7333333333333333,-0.7333333333333333,0.05555555555555555,False
11_2,Negative affect balance,Negative affect,TUR,Türkiye,lower,percentage points per year,6.0,2009.0,2024.0,0.3826404015666667,-1.4984721913666672,2.0331845375,-743.4258728826833,-0.3826404015666667,-2.0331845375,1.4984721913666672,0.6,-0.6,0.1361111111111111,False
11_2,Negative affect balance,Negative affect,USA,United States,lower,percentage points per year,6.0,2009.0,2024.0,0.14565713794444454,-0.2068665785333336,0.5284027125333335,-280.3099571269224,-0.14565713794444454,-0.5284027125333335,0.2068665785333336,0.3333333333333333,-0.3333333333333333,0.46944444444444444,False
11_2,Negative affect balance,Negative affect,ZAF,South Africa,lower,percentage points per year,6.0,2009.0,2024.0,0.03087329464166677,-0.20358901203333288,0.32739167253333373,-51.18716636727105,-0.03087329464166677,-0.32739167253333373,0.20358901203333288,0.06666666666666665,-0.06666666666666665,1.0,False
1_1,Households and NPISHs net adjusted disposable income per capita,Household income,AUS,Australia,higher,PPP USD per person per year,15.0,2010.0,2024.0,458.22222222222223,371.0,599.0,-877403.2222222222,458.22222222222223,371.0,599.0,0.8476190476190477,0.8476190476190477,4.0734605880108527e-07,True
1_1,Households and NPISHs net adjusted disposable income per capita,Household income,AUT,Austria,higher,PPP USD per person per year,15.0,2010.0,2024.0,170.5,20.5,299.42857142857144,-293156.5,170.5,20.5,299.42857142857144,0.40952380952380957,0.40952380952380957,0.03589723736788882,False
1_1,Households and NPISHs net adjusted disposable income per capita,Household income,BEL,Belgium,higher,PPP USD per person per year,15.0,2010.0,2024.0,371.0,260.5,460.0,-701219.0,371.0,260.5,460.0,0.7142857142857143,0.7142857142857143,6.710364303783617e-05,False
1_1,Households and NPISHs net adjusted disposable income per capita,Household income,CAN,Canada,higher,PPP USD per person per year,15.0,2010.0,2024.0,383.9230769230769,346.0,446.25,-733185.8461538461,383.9230769230769,346.0,446.25,0.8476190476190477,0.8476190476190477,4.0734605880108527e-07,False
1_1,Households and NPISHs net adjusted disposable income per capita,Household income,CZE,Czechia,higher,PPP USD per person per year,15.0,2010.0,2024.0,759.0,596.6428571428571,878.0,-1496215.0,759.0,596.6428571428571,878.0,0.8285714285714286,0.8285714285714286,9.951376518836835e-07,False
1_1,Households and NPISHs net adjusted disposable income per capita,Household income,DEU,Germany,higher,PPP USD per person per year,15.0,2010.0,2024.0,591.5,482.625,667.8,-1141215.5,591.5,482.625,667.8,0.9238095238095239,0.9238095238095239,4.4720613503682285e-09,False
1_1,Households and NPISHs net adjusted disposable income per capita,Household income,DNK,Denmark,higher,PPP USD per person per year,15.0,2010.0,2024.0,496.25,383.0,573.7142857142857,-958217.25,496.25,383.0,573.7142857142857,0.9047619047619049,0.9047619047619049,1.6537756286433536e-08,False
1_1,Households and NPISHs net adjusted disposable income per capita,Household income,ESP,Spain,higher,PPP USD per person per year,15.0,2010.0,2024.0,453.55555555555554,213.1,562.6666666666666,-875897.5555555555,453.55555555555554,213.1,562.6666666666666,0.6571428571428571,0.6571428571428571,0.00033037090163412914,False
1_1,Households and NPISHs net adjusted disposable income per capita,Household income,EST,Estonia,higher,PPP USD per person per year,15.0,2010.0,2024.0,889.2,730.8571428571429,1048.7142857142858,-1765635.4000000001,889.2,730.8571428571429,1048.7142857142858,0.9047619047619049,0.9047619047619049,1.6537756286433536e-08,False
1_1,Households and NPISHs net adjusted disposable income per capita,Household income,FIN,Finland,higher,PPP USD per person per year,15.0,2010.0,2024.0,272.3636363636364,178.85714285714286,370.3333333333333,-507005.4545454546,272.3636363636364,178.85714285714286,370.3333333333333,0.6761904761904762,0.6761904761904762,0.00019989992034469547,False
1_1,Households and NPISHs net adjusted disposable income per capita,Household income,FRA,France,higher,PPP USD per person per year,15.0,2010.0,2024.0,385.0,258.85714285714283,456.42857142857144,-730468.0,385.0,258.85714285714283,456.42857142857144,0.8095238095238096,0.8095238095238096,2.2746672052227607e-06,False
1_1,Households and NPISHs net adjusted disposable income per capita,Household income,GBR,United Kingdom,higher,PPP USD per person per year,15.0,2010.0,2024.0,398.0,221.85714285714286,563.5,-758143.0,398.0,221.85714285714286,563.5,0.7523809523809525,0.7523809523809525,1.9694049703970338e-05,False
1_1,Households and NPISHs net adjusted disposable income per capita,Household income,GRC,Greece,higher,PPP USD per person per year,15.0,2010.0,2024.0,447.4,79.2,722.8,-875581.7999999999,447.4,79.2,722.8,0.5047619047619049,0.5047619047619049,0.008269998948239689,False
1_1,Households and NPISHs net adjusted disposable income per capita,Household income,HRV,Croatia,higher,PPP USD per person per year,15.0,2010.0,2024.0,809.5,588.0833333333334,1080.5,-1609946.5,809.5,588.0833333333334,1080.5,0.7714285714285715,0.7714285714285715,1.0056000424717356e-05,False
1_1,Households and NPISHs net adjusted disposable income per capita,Household income,HUN,Hungary,higher,PPP USD per person per year,15.0,2010.0,2024.0,1113.6363636363637,931.5,1257.0,-2220637.545454546,1113.6363636363637,931.5,1257.0,0.961904761904762,0.961904761904762,1.8200249681731164e-10,False
1_1,Households and NPISHs net adjusted disposable income per capita,Household income,IRL,Ireland,higher,PPP USD per person per year,15.0,2010.0,2024.0,821.2,615.2857142857143,984.5555555555555,-1618341.4000000001,821.2,615.2857142857143,984.5555555555555,0.7904761904761906,0.7904761904761906,4.906475309914463e-06,False
1_1,Households and NPISHs net adjusted disposable income per capita,Household income,ISL,Iceland,higher,PPP USD per person per year,15.0,2010.0,2024.0,1072.6666666666667,999.3333333333334,1209.875,-2121125.666666667,1072.6666666666667,999.3333333333334,1209.875,0.961904761904762,0.961904761904762,1.8200249681731164e-10,False
1_1,Households and NPISHs net adjusted disposable income per capita,Household income,ITA,Italy,higher,PPP USD per person per year,15.0,2010.0,2024.0,242.0,21.928571428571427,304.0,-446701.0,242.0,21.928571428571427,304.0,0.40952380952380957,0.40952380952380957,0.03589723736788882,False
1_1,Households and NPISHs net adjusted disposable income per capita,Household income,JPN,Japan,higher,PPP USD per person per year,15.0,2010.0,2024.0,223.14285714285714,185.91666666666666,294.6666666666667,-414610.14285714284,223.14285714285714,185.91666666666666,294.6666666666667,0.8095238095238096,0.8095238095238096,2.2746672052227607e-06,False
1_1,Households and NPISHs net adjusted disposable income per capita,Household income,KOR,Korea,higher,PPP USD per person per year,15.0,2010.0,2024.0,794.2,749.1666666666666,838.4444444444445,-1571044.4000000001,794.2,749.1666666666666,838.4444444444445,1.0,1.0,1.5294327463639633e-12,False
1_1,Households and NPISHs net adjusted disposable income per capita,Household income,LTU,Lithuania,higher,PPP USD per person per year,15.0,2010.0,2024.0,1052.1818181818182,938.875,1242.2222222222222,-2091456.7272727275,1052.1818181818182,938.875,1242.2222222222222,0.9047619047619049,0.9047619047619049,1.6537756286433536e-08,False
1_1,Households and NPISHs net adjusted disposable income per capita,Household income,LUX,Luxembourg,higher,PPP USD per person per year,15.0,2010.0,2024.0,545.9,342.8333333333333,725.2857142857143,-1042163.3,545.9,342.8333333333333,725.2857142857143,0.7333333333333334,0.7333333333333334,3.702856397962218e-05,False
1_1,Households and NPISHs net adjusted disposable income per capita,Household income,LVA,Latvia,higher,PPP USD per person per year,15.0,2010.0,2024.0,847.25,672.3333333333334,1016.0,-1682290.25,847.25,672.3333333333334,1016.0,0.8857142857142857,0.8857142857142857,5.337720284810232e-08,False
1_1,Households and NPISHs net adjusted disposable income per capita,Household income,MEX,Mexico,higher,PPP USD per person per year,15.0,2010.0,2024.0,161.0,63.27272727272727,240.0,-304370.0,161.0,63.27272727272727,240.0,0.5238095238095238,0.5238095238095238,0.005901586283902752,False
1_1,Households and NPISHs net adjusted disposable income per capita,Household income,NLD,Netherlands,higher,PPP USD per person per year,15.0,2010.0,2024.0,574.6666666666666,413.90909090909093,672.0,-1111729.6666666665,574.6666666666666,413.90909090909093,672.0,0.7904761904761906,0.7904761904761906,4.906475309914463e-06,False
1_1,Households and NPISHs net adjusted disposable income per capita,Household income,POL,Poland,higher,PPP USD per person per year,15.0,2010.0,2024.0,1007.875,886.5,1137.0,-2003294.875,1007.875,886.5,1137.0,0.9428571428571428,0.9428571428571428,1.0155433435856716e-09,False
1_1,Households and NPISHs net adjusted disposable income per capita,Household income,PRT,Portugal,higher,PPP USD per person per year,15.0,2010.0,2024.0,499.6363636363636,291.0,629.1666666666666,-974977.5454545454,499.6363636363636,291.0,629.1666666666666,0.6952380952380953,0.6952380952380953,0.00011760372441589373,False
1_1,Households and NPISHs net adjusted disposable income per capita,Household income,ROU,Romania,higher,PPP USD per person per year,15.0,2010.0,2024.0,1177.0,966.3846153846154,1360.5,-2350922.0,1177.0,966.3846153846154,1360.5,0.961904761904762,0.961904761904762,1.8200249681731164e-10,False
1_1,Households and NPISHs net adjusted disposable income per capita,Household income,SVK,Slovak Republic,higher,PPP USD per person per year,15.0,2010.0,2024.0,739.5714285714286,567.625,862.0,-1463899.5714285714,739.5714285714286,567.625,862.0,0.8095238095238096,0.8095238095238096,2.2746672052227607e-06,False
1_1,Households and NPISHs net adjusted disposable income per capita,Household income,SVN,Slovenia,higher,PPP USD per person per year,15.0,2010.0,2024.0,835.75,577.8333333333334,1005.5,-1653842.75,835.75,577.8333333333334,1005.5,0.7714285714285715,0.7714285714285715,1.0056000424717356e-05,False
1_1,Households and NPISHs net adjusted disposable income per capita,Household income,SWE,Sweden,higher,PPP USD per person per year,15.0,2010.0,2024.0,341.85714285714283,229.14285714285714,436.5,-644011.857142857,341.85714285714283,229.14285714285714,436.5,0.8095238095238096,0.8095238095238096,2.2746672052227607e-06,False
1_1,Households and NPISHs net adjusted disposable income per capita,Household income,USA,United States,higher,PPP USD per person per year,15.0,2010.0,2024.0,1152.3333333333333,908.1111111111111,1255.4285714285713,-2267637.333333333,1152.3333333333333,908.1111111111111,1255.4285714285713,0.8857142857142857,0.8857142857142857,5.337720284810232e-08,False
2_1,Employment rate,Employment rate,AUS,Australia,higher,percentage points per year,15.0,2010.0,2024.0,0.35838461538461475,0.18412499999999987,0.5095999999999975,-646.7337692307678,0.35838461538461475,0.18412499999999987,0.5095999999999975,0.7523809523809525,0.7523809523809525,1.9694049703970338e-05,True
2_1,Employment rate,Employment rate,AUT,Austria,higher,percentage points per year,15.0,2010.0,2024.0,0.2539999999999978,0.16942857142857243,0.33422222222222175,-435.89499999999555,0.2539999999999978,0.16942857142857243,0.33422222222222175,0.8285714285714286,0.8285714285714286,9.951376518836835e-07,False
2_1,Employment rate,Employment rate,BEL,Belgium,higher,percentage points per year,15.0,2010.0,2024.0,0.48125000000000046,0.37000000000000455,0.589500000000001,-898.7922500000009,0.48125000000000046,0.37000000000000455,0.589500000000001,0.9047619047619049,0.9047619047619049,1.6537756286433536e-08,False
2_1,Employment rate,Employment rate,BGR,Bulgaria,higher,percentage points per year,15.0,2010.0,2024.0,1.1631428571428566,0.9229999999999996,1.3134999999999994,-2271.9421428571413,1.1631428571428566,0.9229999999999996,1.3134999999999994,0.9047619047619049,0.9047619047619049,1.6537756286433536e-08,False
2_1,Employment rate,Employment rate,CAN,Canada,higher,percentage points per year,15.0,2010.0,2024.0,0.2961428571428562,0.18199999999999933,0.3851249999999986,-520.9941428571409,0.2961428571428562,0.18199999999999933,0.3851249999999986,0.6380952380952382,0.6380952380952382,0.0005320215605847219,False
2_1,Employment rate,Employment rate,CHE,Switzerland,higher,percentage points per year,15.0,2010.0,2024.0,0.2217500000000001,0.15849999999999936,0.300666666666667,-364.26175000000023,0.2217500000000001,0.15849999999999936,0.300666666666667,0.8285714285714286,0.8285714285714286,9.951376518836835e-07,False
2_1,Employment rate,Employment rate,CHL,Chile,higher,percentage points per year,15.0,2010.0,2024.0,0.06508333333333265,-0.1733000000000004,0.20899999999999608,-58.35408333333196,0.06508333333333265,-0.1733000000000004,0.20899999999999608,0.14285714285714288,0.14285714285714288,0.4950508526248027,False
2_1,Employment rate,Employment rate,COL,Colombia,higher,percentage points per year,15.0,2010.0,2024.0,-0.2566666666666677,-0.4969999999999999,-0.04099999999999966,590.4326666666688,-0.2566666666666677,-0.4969999999999999,-0.04099999999999966,-0.4285714285714286,-0.4285714285714286,0.027495265215751328,False
2_1,Employment rate,Employment rate,CRI,Costa Rica,higher,percentage points per year,15.0,2010.0,2024.0,-0.14949999999999974,-0.40600000000000025,0.06780000000000257,370.59749999999946,-0.14949999999999974,-0.40600000000000025,0.06780000000000257,-0.2571428571428572,-0.2571428571428572,0.20184282422518202,False
2_1,Employment rate,Employment rate,CZE,Czechia,higher,percentage points per year,15.0,2010.0,2024.0,0.8920000000000007,0.8149999999999977,1.000666666666665,-1717.9990000000014,0.8920000000000007,0.8149999999999977,1.000666666666665,0.9428571428571428,0.9428571428571428,1.0155433435856716e-09,False
2_1,Employment rate,Employment rate,DEU,Germany,higher,percentage points per year,15.0,2010.0,2024.0,0.42199999999999704,0.3143999999999991,0.5143333333333354,-770.669999999994,0.42199999999999704,0.3143999999999991,0.5143333333333354,0.8857142857142857,0.8857142857142857,5.337720284810232e-08,False
2_1,Employment rate,Employment rate,DNK,Denmark,higher,percentage points per year,15.0,2010.0,2024.0,0.4984545454545458,0.4163749999999986,0.5871250000000003,-927.040818181819,0.4984545454545458,0.4163749999999986,0.5871250000000003,0.8857142857142857,0.8857142857142857,5.337720284810232e-08,False
2_1,Employment rate,Employment rate,ESP,Spain,higher,percentage points per year,15.0,2010.0,2024.0,0.9420000000000002,0.6562857142857145,1.1863333333333326,-1831.9170000000004,0.9420000000000002,0.6562857142857145,1.1863333333333326,0.7714285714285715,0.7714285714285715,1.0056000424717356e-05,False
2_1,Employment rate,Employment rate,EST,Estonia,higher,percentage points per year,15.0,2010.0,2024.0,0.8056666666666672,0.6648181818181821,0.9713999999999998,-1545.0426666666676,0.8056666666666672,0.6648181818181821,0.9713999999999998,0.9047619047619049,0.9047619047619049,1.6537756286433536e-08,False
2_1,Employment rate,Employment rate,FIN,Finland,higher,percentage points per year,15.0,2010.0,2024.0,0.4100000000000013,0.22466666666666413,0.5720000000000012,-751.0580000000026,0.4100000000000013,0.22466666666666413,0.5720000000000012,0.6761904761904762,0.6761904761904762,0.00019989992034469547,False
2_1,Employment rate,Employment rate,FRA,France,higher,percentage points per year,15.0,2010.0,2024.0,0.43400000000000105,0.33414285714285696,0.5424000000000007,-802.500000000002,0.43400000000000105,0.33414285714285696,0.5424000000000007,0.980952380952381,0.980952380952381,2.294149119545945e-11,False
2_1,Employment rate,Employment rate,GBR,United Kingdom,higher,percentage points per year,15.0,2010.0,2024.0,0.43936363636363623,0.30699999999998795,0.596999999999999,-807.1594545454542,0.43936363636363623,0.30699999999998795,0.596999999999999,0.9047619047619049,0.9047619047619049,1.6537756286433536e-08,False
2_1,Employment rate,Employment rate,GRC,Greece,higher,percentage points per year,15.0,2010.0,2024.0,1.2355000000000018,0.6312500000000002,1.5496250000000007,-2429.5385000000033,1.2355000000000018,0.6312500000000002,1.5496250000000007,0.580952380952381,0.580952380952381,0.0019359627197342143,False
2_1,Employment rate,Employment rate,HRV,Croatia,higher,percentage points per year,15.0,2010.0,2024.0,1.2465714285714273,0.8717272727272719,1.326999999999999,-2448.988571428569,1.2465714285714273,0.8717272727272719,1.326999999999999,0.7904761904761906,0.7904761904761906,4.906475309914463e-06,False
2_1,Employment rate,Employment rate,HUN,Hungary,higher,percentage points per year,15.0,2010.0,2024.0,1.426499999999999,1.2176000000000016,1.615750000000002,-2800.2384999999977,1.426499999999999,1.2176000000000016,1.615750000000002,0.9428571428571428,0.9428571428571428,1.0155433435856716e-09,False
2_1,Employment rate,Employment rate,IRL,Ireland,higher,percentage points per year,15.0,2010.0,2024.0,1.252625,1.1174444444444447,1.4169999999999996,-2452.424625,1.252625,1.1174444444444447,1.4169999999999996,0.9428571428571428,0.9428571428571428,1.0155433435856716e-09,False
2_1,Employment rate,Employment rate,ISL,Iceland,higher,percentage points per year,15.0,2010.0,2024.0,0.3788461538461536,0.129272727272727,0.5193333333333356,-679.8826923076919,0.3788461538461536,0.129272727272727,0.5193333333333356,0.48571428571428577,0.48571428571428577,0.01140991603041041,False
2_1,Employment rate,Employment rate,ISR,Israel,higher,percentage points per year,15.0,2010.0,2024.0,0.43299999999999983,0.30749999999999983,0.5765000000000006,-797.1609999999996,0.43299999999999983,0.30749999999999983,0.5765000000000006,0.7523809523809525,0.7523809523809525,1.9694049703970338e-05,False
2_1,Employment rate,Employment rate,ITA,Italy,higher,percentage points per year,15.0,2010.0,2024.0,0.4554000000000002,0.2820000000000036,0.6524285714285725,-853.2718000000004,0.4554000000000002,0.2820000000000036,0.6524285714285725,0.7846979774097266,0.7846979774097266,4.846146532098343e-05,False
2_1,Employment rate,Employment rate,JPN,Japan,higher,percentage points per year,15.0,2010.0,2024.0,0.7297499999999992,0.6485,0.8591249999999988,-1390.3737499999986,0.7297499999999992,0.6485,0.8591249999999988,0.980952380952381,0.980952380952381,2.294149119545945e-11,False
2_1,Employment rate,Employment rate,KOR,Korea,higher,percentage points per year,15.0,2010.0,2024.0,0.2506666666666675,0.1286363636363629,0.32879999999999826,-431.7786666666683,0.2506666666666675,0.1286363636363629,0.32879999999999826,0.6952380952380953,0.6952380952380953,0.00011760372441589373,False
2_1,Employment rate,Employment rate,LTU,Lithuania,higher,percentage points per year,15.0,2010.0,2024.0,0.8475999999999999,0.5930000000000035,1.2195000000000036,-1630.7661999999998,0.8475999999999999,0.5930000000000035,1.2195000000000036,0.8857142857142857,0.8857142857142857,5.337720284810232e-08,False
2_1,Employment rate,Employment rate,LUX,Luxembourg,higher,percentage points per year,15.0,2010.0,2024.0,0.299923076923077,0.14166666666667047,0.4348749999999999,-530.0018461538464,0.299923076923077,0.14166666666667047,0.4348749999999999,0.6380952380952382,0.6380952380952382,0.0005320215605847219,False
2_1,Employment rate,Employment rate,LVA,Latvia,higher,percentage points per year,15.0,2010.0,2024.0,0.8766666666666652,0.606272727272727,1.1439999999999997,-1691.8046666666635,0.8766666666666652,0.606272727272727,1.1439999999999997,0.8857142857142857,0.8857142857142857,5.337720284810232e-08,False
2_1,Employment rate,Employment rate,MEX,Mexico,higher,percentage points per year,15.0,2010.0,2024.0,0.2529090909090906,0.14033333333333312,0.3219230769230771,-441.96063636363573,0.2529090909090906,0.14033333333333312,0.3219230769230771,0.6190476190476191,0.6190476190476191,0.0008364083878716816,False
2_1,Employment rate,Employment rate,NLD,Netherlands,higher,percentage points per year,15.0,2010.0,2024.0,0.5882727272727276,0.5075999999999994,0.7721666666666683,-1107.3510909090917,0.5882727272727276,0.5075999999999994,0.7721666666666683,0.8476190476190477,0.8476190476190477,4.0734605880108527e-07,False
2_1,Employment rate,Employment rate,NOR,Norway,higher,percentage points per year,15.0,2010.0,2024.0,0.021500000000000342,-0.06457142857142831,0.11050000000000004,37.83749999999932,0.021500000000000342,-0.06457142857142831,0.11050000000000004,0.1619047619047619,0.1619047619047619,0.43511891093211363,False
2_1,Employment rate,Employment rate,NZL,New Zealand,higher,percentage points per year,15.0,2010.0,2024.0,0.4631249999999998,0.36729999999999874,0.5551250000000003,-852.0141249999996,0.4631249999999998,0.36729999999999874,0.5551250000000003,0.8285714285714286,0.8285714285714286,9.951376518836835e-07,False
2_1,Employment rate,Employment rate,PER,Peru,higher,percentage points per year,15.0,2010.0,2024.0,-0.24716666666666734,-0.36950000000000216,-0.04399999999999693,581.3271666666681,-0.24716666666666734,-0.36950000000000216,-0.04399999999999693,-0.5047619047619049,-0.5047619047619049,0.008269998948239689,False
2_1,Employment rate,Employment rate,POL,Poland,higher,percentage points per year,15.0,2010.0,2024.0,1.1244999999999994,1.0142500000000005,1.2322000000000002,-2195.1824999999985,1.1244999999999994,1.0142500000000005,1.2322000000000002,1.0,1.0,1.5294327463639633e-12,False
2_1,Employment rate,Employment rate,PRT,Portugal,higher,percentage points per year,15.0,2010.0,2024.0,1.2225555555555556,0.7990000000000018,1.4159090909090912,-2390.8765555555556,1.2225555555555556,0.7990000000000018,1.4159090909090912,0.7904761904761906,0.7904761904761906,4.906475309914463e-06,False
2_1,Employment rate,Employment rate,ROU,Romania,higher,percentage points per year,15.0,2010.0,2024.0,0.40559999999999974,0.23750000000000426,0.6767500000000002,-748.2631999999995,0.40559999999999974,0.23750000000000426,0.6767500000000002,0.6571428571428571,0.6571428571428571,0.00033037090163412914,False
2_1,Employment rate,Employment rate,SVK,Slovak Republic,higher,percentage points per year,15.0,2010.0,2024.0,1.046833333333332,0.9117999999999995,1.203699999999999,-2037.7128333333308,1.046833333333332,0.9117999999999995,1.203699999999999,0.9428571428571428,0.9428571428571428,1.0155433435856716e-09,False
2_1,Employment rate,Employment rate,SVN,Slovenia,higher,percentage points per year,15.0,2010.0,2024.0,0.8299999999999983,0.5594999999999999,1.0566666666666673,-1598.9919999999966,0.8299999999999983,0.5594999999999999,1.0566666666666673,0.7523809523809525,0.7523809523809525,1.9694049703970338e-05,False
2_1,Employment rate,Employment rate,SWE,Sweden,higher,percentage points per year,15.0,2010.0,2024.0,0.2270000000000003,0.12650000000000006,0.33819999999999767,-374.5330000000006,0.2270000000000003,0.12650000000000006,0.33819999999999767,0.6380952380952382,0.6380952380952382,0.0005320215605847219,False
2_1,Employment rate,Employment rate,THA,Thailand,higher,percentage points per year,15.0,2010.0,2024.0,-0.24169230769230737,-0.3469999999999989,-0.03866666666666655,570.841384615384,-0.24169230769230737,-0.3469999999999989,-0.03866666666666655,-0.4666666666666667,-0.4666666666666667,0.015510823225067603,False
2_1,Employment rate,Employment rate,TUR,Türkiye,higher,percentage points per year,15.0,2010.0,2024.0,0.39471428571428546,0.2383333333333321,0.5089166666666666,-741.1477142857138,0.39471428571428546,0.2383333333333321,0.5089166666666666,0.6952380952380953,0.6952380952380953,0.00011760372441589373,False
2_1,Employment rate,Employment rate,USA,United States,higher,percentage points per year,15.0,2010.0,2024.0,0.3871111111111105,0.29357142857142954,0.4936666666666672,-707.1231111111099,0.3871111111111105,0.29357142857142954,0.4936666666666672,0.7142857142857143,0.7142857142857143,6.710364303783617e-05,False
2_1,Employment rate,Employment rate,ZAF,South Africa,higher,percentage points per year,15.0,2010.0,2024.0,-0.3449166666666669,-0.6689999999999999,-0.015000000000000568,750.0999166666672,-0.3449166666666669,-0.6689999999999999,-0.015000000000000568,-0.3904761904761905,-0.3904761904761905,0.04629247541540862,False
7_1_DEP,Lack of social support,Lack of social support,ARG,Argentina,lower,percentage points per year,6.0,2009.0,2024.0,0.06600814959999972,-0.2897496753666668,0.32089454196666684,-123.46518414414943,-0.06600814959999972,-0.32089454196666684,0.2897496753666668,0.3333333333333333,-0.3333333333333333,0.46944444444444444,False
7_1_DEP,Lack of social support,Lack of social support,AUS,Australia,lower,percentage points per year,6.0,2009.0,2024.0,0.18584215291666664,0.03764879230000003,0.7488525810500001,-368.9548643504083,-0.18584215291666664,-0.7488525810500001,-0.03764879230000003,0.8666666666666666,-0.8666666666666666,0.016666666666666666,True
7_1_DEP,Lack of social support,Lack of social support,AUT,Austria,lower,percentage points per year,6.0,2009.0,2024.0,0.31111783548888877,-0.32899925993333373,0.9572970030333335,-619.3482132833442,-0.31111783548888877,-0.9572970030333335,0.32899925993333373,0.4666666666666666,-0.4666666666666666,0.2722222222222222,False
7_1_DEP,Lack of social support,Lack of social support,BEL,Belgium,lower,percentage points per year,6.0,2009.0,2024.0,0.13054692137333332,0.08045479106666657,0.2230748030333333,-254.92848433312665,-0.13054692137333332,-0.2230748030333333,-0.08045479106666657,0.8666666666666666,-0.8666666666666666,0.016666666666666666,False
7_1_DEP,Lack of social support,Lack of social support,BGR,Bulgaria,lower,percentage points per year,6.0,2009.0,2024.0,-0.5802803519833333,-1.5703745961166666,0.14021783653333367,1178.8682776300416,0.5802803519833333,-0.14021783653333367,1.5703745961166666,-0.6,0.6,0.1361111111111111,False
7_1_DEP,Lack of social support,Lack of social support,BRA,Brazil,lower,percentage points per year,6.0,2009.0,2024.0,0.34633516423333316,-0.37911949253333316,1.1380203206,-688.1585799746663,-0.34633516423333316,-1.1380203206,0.37911949253333316,0.6,-0.6,0.1361111111111111,False
7_1_DEP,Lack of social support,Lack of social support,CAN,Canada,lower,percentage points per year,6.0,2009.0,2024.0,0.2024342190111111,-0.02487438408333335,0.3284984456000002,-401.01995429225553,-0.2024342190111111,-0.3284984456000002,0.02487438408333335,0.6,-0.6,0.1361111111111111,False
7_1_DEP,Lack of social support,Lack of social support,CHE,Switzerland,lower,percentage points per year,6.0,2009.0,2024.0,0.17809601549999984,-0.05220919069999989,0.5139008990499999,-353.15403110654967,-0.17809601549999984,-0.5139008990499999,0.05220919069999989,0.4666666666666666,-0.4666666666666666,0.2722222222222222,False
7_1_DEP,Lack of social support,Lack of social support,CHL,Chile,lower,percentage points per year,6.0,2009.0,2024.0,-0.33815046121111103,-0.7571519128166665,0.09228512811666671,695.8467273154055,0.33815046121111103,-0.09228512811666671,0.7571519128166665,-0.6,0.6,0.1361111111111111,False
7_1_DEP,Lack of social support,Lack of social support,COL,Colombia,lower,percentage points per year,6.0,2009.0,2024.0,0.4173366528888888,-0.6664554027333338,1.1773500476333334,-830.1465833012444,-0.4173366528888888,-1.1773500476333334,0.6664554027333338,0.6,-0.6,0.1361111111111111,False
7_1_DEP,Lack of social support,Lack of social support,CRI,Costa Rica,lower,percentage points per year,6.0,2009.0,2024.0,0.10764774252000002,-0.11601479936666692,0.44422346164999976,-206.97458414353002,-0.10764774252000002,-0.44422346164999976,0.11601479936666692,0.6,-0.6,0.1361111111111111,False
7_1_DEP,Lack of social support,Lack of social support,CZE,Czechia,lower,percentage points per year,6.0,2009.0,2024.0,-0.14630380864999992,-0.7431514914166667,0.6484359593333332,302.53338836822485,0.14630380864999992,-0.6484359593333332,0.7431514914166667,-0.3333333333333333,0.3333333333333333,0.46944444444444444,False
7_1_DEP,Lack of social support,Lack of social support,DEU,Germany,lower,percentage points per year,6.0,2009.0,2024.0,0.30315641995833326,-0.007722324433333465,0.5844201242999999,-602.4988659413291,-0.30315641995833326,-0.5844201242999999,0.007722324433333465,0.7333333333333333,-0.7333333333333333,0.05555555555555555,False
7_1_DEP,Lack of social support,Lack of social support,DNK,Denmark,lower,percentage points per year,6.0,2009.0,2024.0,0.0580312550500001,-0.01564475784999993,0.1436074543833333,-112.6261824806752,-0.0580312550500001,-0.1436074543833333,0.01564475784999993,0.7333333333333333,-0.7333333333333333,0.05555555555555555,False
7_1_DEP,Lack of social support,Lack of social support,ESP,Spain,lower,percentage points per year,6.0,2009.0,2024.0,0.16290754523333337,-0.35392479923333325,0.4354338089333334,-321.94639795021675,-0.16290754523333337,-0.4354338089333334,0.35392479923333325,0.6,-0.6,0.1361111111111111,False
7_1_DEP,Lack of social support,Lack of social support,EST,Estonia,lower,percentage points per year,6.0,2009.0,2024.0,-0.34084941613333325,-0.5627354994000001,-0.02564590606666665,694.2680375085165,0.34084941613333325,0.02564590606666665,0.5627354994000001,-0.8666666666666666,0.8666666666666666,0.016666666666666666,False
7_1_DEP,Lack of social support,Lack of social support,FIN,Finland,lower,percentage points per year,6.0,2009.0,2024.0,-0.12171559266666658,-0.4727859636000001,0.2545464848333336,250.40319993743316,0.12171559266666658,-0.2545464848333336,0.4727859636000001,-0.4666666666666666,0.4666666666666666,0.2722222222222222,False
7_1_DEP,Lack of social support,Lack of social support,FRA,France,lower,percentage points per year,6.0,2009.0,2024.0,0.3444744349666668,-0.3816469201166666,1.055963538333333,-686.2051291496336,-0.3444744349666668,-1.055963538333333,0.3816469201166666,0.4666666666666666,-0.4666666666666666,0.2722222222222222,False
7_1_DEP,Lack of social support,Lack of social support,GBR,United Kingdom,lower,percentage points per year,6.0,2009.0,2024.0,0.4826174038866667,-0.09982185909999981,0.8518471774666668,-966.6990217389134,-0.4826174038866667,-0.8518471774666668,0.09982185909999981,0.7333333333333333,-0.7333333333333333,0.05555555555555555,False
7_1_DEP,Lack of social support,Lack of social support,GRC,Greece,lower,percentage points per year,6.0,2009.0,2024.0,-0.02572828351666671,-0.7341663899333343,0.6825935250666669,69.98862843435842,0.02572828351666671,-0.6825935250666669,0.7341663899333343,-0.06666666666666665,0.06666666666666665,1.0,False
7_1_DEP,Lack of social support,Lack of social support,HRV,Croatia,lower,percentage points per year,6.0,2009.0,2024.0,-0.7739993823833333,-2.8259040549166663,1.4099633859,1575.3079883437415,0.7739993823833333,-1.4099633859,2.8259040549166663,-0.6,0.6,0.1361111111111111,False
7_1_DEP,Lack of social support,Lack of social support,HUN,Hungary,lower,percentage points per year,6.0,2009.0,2024.0,-0.37298261655000003,-1.1842140324333335,0.45159636651666685,761.070747510625,0.37298261655000003,-0.45159636651666685,1.1842140324333335,-0.6,0.6,0.1361111111111111,False
7_1_DEP,Lack of social support,Lack of social support,IDN,Indonesia,lower,percentage points per year,6.0,2009.0,2024.0,0.005966076383333648,-1.3068931133833335,0.5899559954833334,7.6671437236577,-0.005966076383333648,-0.5899559954833334,1.3068931133833335,0.06666666666666665,-0.06666666666666665,1.0,False
7_1_DEP,Lack of social support,Lack of social support,IRL,Ireland,lower,percentage points per year,6.0,2009.0,2024.0,0.37199500820833337,0.17177769183333336,0.9036058904166667,-745.2020454755043,-0.37199500820833337,-0.9036058904166667,-0.17177769183333336,0.8666666666666666,-0.8666666666666666,0.016666666666666666,False
7_1_DEP,Lack of social support,Lack of social support,ISL,Iceland,lower,percentage points per year,6.0,2009.0,2024.0,-0.018427987083333337,-0.27813123023333325,0.14739172320000002,39.37289518399167,0.018427987083333337,-0.14739172320000002,0.27813123023333325,-0.3333333333333333,0.3333333333333333,0.46944444444444444,False
7_1_DEP,Lack of social support,Lack of social support,ISR,Israel,lower,percentage points per year,6.0,2009.0,2024.0,-0.3447777095333333,-1.0127995328833335,0.18533542108333348,703.8773242481666,0.3447777095333333,-0.18533542108333348,1.0127995328833335,-0.6,0.6,0.1361111111111111,False
7_1_DEP,Lack of social support,Lack of social support,ITA,Italy,lower,percentage points per year,6.0,2009.0,2024.0,0.21034696994444463,-0.5379772742499999,0.5002771449000001,-412.7952034548226,-0.21034696994444463,-0.5002771449000001,0.5379772742499999,0.3333333333333333,-0.3333333333333333,0.46944444444444444,False
7_1_DEP,Lack of social support,Lack of social support,JPN,Japan,lower,percentage points per year,6.0,2009.0,2024.0,0.23852053140000015,-0.38530269500000003,0.8162851962666663,-470.3443089314503,-0.23852053140000015,-0.8162851962666663,0.38530269500000003,0.4666666666666666,-0.4666666666666666,0.2722222222222222,False
7_1_DEP,Lack of social support,Lack of social support,KOR,Korea,lower,percentage points per year,6.0,2009.0,2024.0,-0.03349954539166659,-0.58192929805,0.35125241854999995,87.78755072169568,0.03349954539166659,-0.35125241854999995,0.58192929805,-0.4666666666666666,0.4666666666666666,0.2722222222222222,False
7_1_DEP,Lack of social support,Lack of social support,LTU,Lithuania,lower,percentage points per year,6.0,2009.0,2024.0,-0.10499591945555548,-0.3250836159333333,0.13591113179999992,219.25189536797762,0.10499591945555548,-0.13591113179999992,0.3250836159333333,-0.3333333333333333,0.3333333333333333,0.46944444444444444,False
7_1_DEP,Lack of social support,Lack of social support,LUX,Luxembourg,lower,percentage points per year,6.0,2009.0,2024.0,0.38563671973333336,0.2024304699333337,0.7568488628333334,-768.8374117620167,-0.38563671973333336,-0.7568488628333334,-0.2024304699333337,0.8666666666666666,-0.8666666666666666,0.016666666666666666,False
7_1_DEP,Lack of social support,Lack of social support,LVA,Latvia,lower,percentage points per year,6.0,2009.0,2024.0,-0.7040608987000004,-1.203038590016667,-0.2776232706999995,1429.0069571823008,0.7040608987000004,0.2776232706999995,1.203038590016667,-0.9999999999999999,0.9999999999999999,0.002777777777777778,False
7_1_DEP,Lack of social support,Lack of social support,MEX,Mexico,lower,percentage points per year,6.0,2009.0,2024.0,-0.20075936036666697,-0.853840817933334,0.9978091896333332,422.242226274484,0.20075936036666697,-0.9978091896333332,0.853840817933334,-0.06666666666666665,0.06666666666666665,1.0,False
7_1_DEP,Lack of social support,Lack of social support,NLD,Netherlands,lower,percentage points per year,6.0,2009.0,2024.0,0.16721682637500002,-0.42781429981666674,0.7622479525666668,-330.4416547003875,-0.16721682637500002,-0.7622479525666668,0.42781429981666674,0.4666666666666666,-0.4666666666666666,0.2722222222222222,False
7_1_DEP,Lack of social support,Lack of social support,NOR,Norway,lower,percentage points per year,6.0,2009.0,2024.0,-0.04210415389999985,-0.22447294625,0.13352246343333332,90.22387057264969,0.04210415389999985,-0.13352246343333332,0.22447294625,-0.2,0.2,0.7194444444444444,False
7_1_DEP,Lack of social support,Lack of social support,NZL,New Zealand,lower,percentage points per year,6.0,2009.0,2024.0,0.11871815340000004,-0.10208529596666693,0.4216409430333334,-234.4895576588501,-0.11871815340000004,-0.4216409430333334,0.10208529596666693,0.4666666666666666,-0.4666666666666666,0.2722222222222222,False
7_1_DEP,Lack of social support,Lack of social support,PER,Peru,lower,percentage points per year,6.0,2009.0,2024.0,-0.16412594959999952,-0.8964787518500005,0.7777526312666675,350.638498764599,0.16412594959999952,-0.7777526312666675,0.8964787518500005,-0.3333333333333333,0.3333333333333333,0.46944444444444444,False
7_1_DEP,Lack of social support,Lack of social support,POL,Poland,lower,percentage points per year,6.0,2009.0,2024.0,0.20581405975555553,-0.26361611991666667,1.0538079099666666,-406.69459923952775,-0.20581405975555553,-1.0538079099666666,0.26361611991666667,0.4666666666666666,-0.4666666666666666,0.2722222222222222,False
7_1_DEP,Lack of social support,Lack of social support,PRT,Portugal,lower,percentage points per year,6.0,2009.0,2024.0,-0.09124026801666663,-0.3736807006500002,0.2630871619000003,196.11567067205826,0.09124026801666663,-0.2630871619000003,0.3736807006500002,-0.4666666666666666,0.4666666666666666,0.2722222222222222,False
7_1_DEP,Lack of social support,Lack of social support,ROU,Romania,lower,percentage points per year,6.0,2009.0,2024.0,-0.6954299218666661,-1.0266504692000005,0.31521754263333374,1422.6965131885822,0.6954299218666661,-0.31521754263333374,1.0266504692000005,-0.7333333333333333,0.7333333333333333,0.05555555555555555,False
7_1_DEP,Lack of social support,Lack of social support,SVK,Slovak Republic,lower,percentage points per year,6.0,2009.0,2024.0,-0.229107056925,-0.6386121064666668,0.2795108228666668,468.7872295966625,0.229107056925,-0.2795108228666668,0.6386121064666668,-0.6,0.6,0.1361111111111111,False
7_1_DEP,Lack of social support,Lack of social support,SVN,Slovenia,lower,percentage points per year,6.0,2009.0,2024.0,-0.2000776996555556,-0.5779859717333333,0.4768655768666668,410.27990319997787,0.2000776996555556,-0.4768655768666668,0.5779859717333333,-0.4666666666666666,0.4666666666666666,0.2722222222222222,False
7_1_DEP,Lack of social support,Lack of social support,SWE,Sweden,lower,percentage points per year,6.0,2009.0,2024.0,-0.019553734416666673,-0.22870747385000012,0.3388448625666666,46.84893539205835,0.019553734416666673,-0.3388448625666666,0.22870747385000012,-0.06666666666666665,0.06666666666666665,1.0,False
7_1_DEP,Lack of social support,Lack of social support,THA,Thailand,lower,percentage points per year,6.0,2009.0,2024.0,0.22910818401666658,-0.4594247409666667,0.5048183510833333,-450.00616731025815,-0.22910818401666658,-0.5048183510833333,0.4594247409666667,0.6,-0.6,0.1361111111111111,False
7_1_DEP,Lack of social support,Lack of social support,TUR,Türkiye,lower,percentage points per year,6.0,2009.0,2024.0,-0.6770271585333333,-2.216594908683333,0.9639559300499997,1383.0691492297665,0.6770271585333333,-0.9639559300499997,2.216594908683333,-0.3333333333333333,0.3333333333333333,0.46944444444444444,False
7_1_DEP,Lack of social support,Lack of social support,USA,United States,lower,percentage points per year,6.0,2009.0,2024.0,0.09280556378333331,-0.3060525056166667,0.4916636331833333,-178.6857885030416,-0.09280556378333331,-0.4916636331833333,0.3060525056166667,0.3333333333333333,-0.3333333333333333,0.46944444444444444,False
7_1_DEP,Lack of social support,Lack of social support,ZAF,South Africa,lower,percentage points per year,6.0,2009.0,2024.0,0.1667700083444444,-0.5725211454666669,1.0587291665666665,-323.1138029217721,-0.1667700083444444,-1.0587291665666665,0.5725211454666669,0.2,-0.2,0.7194444444444444,False
